[
  {
    "description":"这是我们的第一个demon",
    "request":{
      "uri":"/demo"
    },
    "response":{
      "text":"我的第一个框架",
      "headers":{
        "Content-Type":"text/html;charset=gbk"
      }
    }

  },
  {
    "description":"这是我们的第一个没有参数的get请求",
    "request":{
      "uri":"/get"
    },
    "response":{
      "cookies":{
        "login":"true"
      },
      "text":"我的第一个没有参数的get请求,恭喜你获得cookie成功",
      "headers":{
        "Content-Type":"text/html;charset=gbk"
      }
    }

  },{
  "description":"这是我们的第一个有参数的get请求",
  "request":{
    "uri":"/cookie",
    "method":"get",
    "cookies":{
      "login":"true"
    }

  },
  "response":{
    "text":"带cookie的请求成功",
    "status":"10001",
    "headers":{
      "Content-Type":"text/html;charset=gbk"
    }
  }

},
  {
    "description":"这是我们的第一个有参数的json post请求",
    "request":{
      "uri":"/jsonpost",
      "method":"post",
      "json":{
        "name":"duanxiuwen",
        "sex":"women"
      }
    },
    "response":{
      "json":{"text":"我的第一个有参数的 json post请求",
      "name":"段修文",
      "sex":"women"},
      "headers":{
        "Content-Type":"text/html;charset=gbk"
      }
    }

  },
  {
    "description": "这是我们的第一个有参数的post请求",
    "request": {
      "uri": "/cookieparameter",
      "method": "post",
      "cookies": {
        "login": "true"
      },
      "json": {
        "name": "duanxiuwen",
        "sex": "women"
      }
    },
    "response": {
      "status": 200,
      "json": {
        "text": "我的第一个需要cookie的post请求",
        "status": 1
      },
      "headers": {
        "Content-Type": "text/html;charset=gbk"
      }
    }
  }
  ,
  {
    "description":"这是我的第一重定向请求",
    "request":{
      "uri": "/redirect"

      },
      "redirectTo": "http://www.baidu.com"
    }
    ]