<?xml version="1.0" encoding="utf-8" ?>
<!DOCTYPE suite SYSTEM "https://testng.org/testng-1.0.dtd" >

<suite name="testsuite" parallel="methods" thread-count="1">

<test name="testlogin">
    <!--<groups>-->
        <!--<run>-->
            <!--<include name="A"/>-->

        <!--</run>-->
    <!--</groups>-->

    <classes>

<class name="com.xinghai.test.testsuit"/>
        <!--<class name="com.xinghai.test.TestLogin"/>-->
        <!--<class name="com.xinghai.test.BfTest"/>-->
        <class name="com.xinghai.test.TestPay"/>
        <class name="com.xinghai.test.TestPay2"/>

        <!--<class name="com.xinghai.test.GroupClass1"/>-->
        <!--<class name="com.xinghai.test.GroupClass2"/>-->
        <!--<parameter name="sex" value="woman"/>-->
    </classes>


<!--</test>-->
    <!--<test name="parameter">-->
    <!--<classes>-->
        <!--<class name="com.xinghai.test.ParameterClass"/>-->
        <!--<parameter name="name" value="段修文"/>-->
        <!--<parameter name="age" value="18"/>-->

    <!--</classes>-->
    </test>
    <listeners>
        <listener class-name="com.xinghai.test.pojo.ExtentTestNGIReporterListenerOld"/>
    </listeners>
</suite>